design,arm,status,score,tokens,rounds,requests,seconds,started_utc,finished_utc,source,source_sha256,accounting_complete,error
"alu","haven","completed","97.86648472365445","160029","3","3","446.3072573589161","2026-09-12T20:26:09.754+00:00","2026-09-12T20:33:36.061+00:00","/var/storage/workspaces/clo91eaf/rvprobe-paired16-parallel-20260912-v2/alu/flow/paired/summary.json","ef69eb960a113a212e3a63aa832a6a9aedf3f32cc7279cb61f5d189ccea8a72c","true",""
"alu","rvprobe","completed","97.06907857089911","175194","3","6","881.8077624300495","2026-09-15T09:34:56.300+00:00","2026-09-15T09:49:38.108+00:00","/var/storage/workspaces/clo91eaf/rvprobe-retry4-20260915-v1/alu/flow/paired/summary.json","81422c03819fdefbd6f7c60ee1fcab4cbcc1b4e1bb2cc72cfb30ad1b3964527e","true",""
"aes","haven","completed","95.83787469893502","133805","2","2","254.43453611806035","2026-09-12T20:25:17.097+00:00","2026-09-12T20:29:31.532+00:00","/var/storage/workspaces/clo91eaf/rvprobe-paired16-parallel-20260912-v2/aes/flow/paired/summary.json","a2cf328faced5329a912a8c10e6bc881daaeff8be798282b7c407ffb12387736","true",""
"aes","rvprobe","completed","95.83330431502279","201294","2","8","575.4947310741991","2026-09-14T17:57:04.536+00:00","2026-09-14T18:06:40.031+00:00","/var/storage/workspaces/clo91eaf/rvprobe-full16-stable-20260914-v1/aes/flow/paired/summary.json","7f222ad9e5ce49a77df1be5a40941ae333b76129a6f23a932696d744fe7af94f","true",""
"sha3","haven","completed","99.99024199843872","54712","2","2","156.97656328137964","2026-09-12T20:25:15.266+00:00","2026-09-12T20:27:52.243+00:00","/var/storage/workspaces/clo91eaf/rvprobe-paired16-parallel-20260912-v2/sha3/flow/paired/summary.json","597b49f6192f9a6da2fecead9af741e42423f6eeafb980bb88bac6e99e38d805","true",""
"sha3","rvprobe","completed","99.99349466562582","128181","2","7","320.9576054662466","2026-09-14T17:57:03.026+00:00","2026-09-14T18:02:23.984+00:00","/var/storage/workspaces/clo91eaf/rvprobe-full16-stable-20260914-v1/sha3/flow/paired/summary.json","88c9f9ee85439722f2911bd5a08e99a72fcd88b4db529fe8d4d3c5a949f1bbb2","true",""
"axil_ram","haven","completed","85.80130404941661","46881","1","1","236.06102497689426","2026-09-08T15:43:43.614+00:00","2026-09-08T15:47:39.675+00:00","/root/yjh-workspace/rvprobe-workspace/zaozi/out/experiments/axil-shared-handshake-retry-20260908/paired/summary.json","c0f7c917bb00441dd023ac822fe175af3b8719c343751cc65cc46a9f50a90a21","true",""
"axil_ram","rvprobe","completed","92.94440631434455","75219","2","4","500.1428438797593","2026-09-14T18:03:52.941+00:00","2026-09-14T18:12:13.084+00:00","/var/storage/workspaces/clo91eaf/rvprobe-full16-stable-20260914-v1/axil_ram/flow/paired/summary.json","c914cf900164fac6d786abe795b23d05b2d466d8481745564a37ba24ce20ecb4","true",""
"ue_timer","haven","completed","94.324433548364","132385","3","3","318.1893490497023","2026-09-10T14:33:04.206+00:00","2026-09-10T14:38:22.396+00:00","/var/storage/workspaces/clo91eaf/rvprobe-fixed16-20260910-30xOp6/batch-c/ue_timer/flow/paired/summary.json","742a925c7b71e94488af570bdcdf8d1ee9d90bf42a4d2af275e59006e321677c","true",""
"ue_timer","rvprobe","completed","99.83552631578948","155719","3","6","752.36630026903","2026-09-14T18:07:30.587+00:00","2026-09-14T18:20:02.953+00:00","/var/storage/workspaces/clo91eaf/rvprobe-full16-stable-20260914-v1/ue_timer/flow/paired/summary.json","0ec73af10b35b91b82cb9eff16a52e042c0fdda63843877998b0bcde8e055e8b","true",""
"uart","haven","completed","95.24736442419369","177267","3","3","437.73082657158375","2026-09-12T17:12:04.166+00:00","2026-09-12T17:19:21.897+00:00","/var/storage/workspaces/clo91eaf/rvprobe-paired16-parallel-20260912-v1/uart/flow/paired/summary.json","2d796797c3cdba1836c2391f6206280ed8bb31765aa74885d4446c6d176ade49","true",""
"uart","rvprobe","completed","97.30473286875726","251341","3","7","2366.5921935141087","2026-09-15T09:34:48.592+00:00","2026-09-15T10:14:15.185+00:00","/var/storage/workspaces/clo91eaf/rvprobe-retry4-20260915-v1/uart/flow/paired/summary.json","64f801aef09dc52403c40a1548bc3202034089b592323b89461214f3067a9499","true",""
"can","haven","completed","96.82971014492753","463419","3","3","774.6569738332182","2026-09-12T03:37:34.121+00:00","2026-09-12T03:50:28.778+00:00","/var/storage/workspaces/clo91eaf/rvprobe-independent-paired-20260911-YuflGB/batch-h/can/flow/paired/summary.json","ef90452106f3531dfb85d8e6c3ed88f7f6afcb0f5de8236dac750bc9ff0eed7d","true",""
"can","rvprobe","completed","97.64115338164251","1324149","3","20","2333.8879954740405","2026-09-15T12:39:58.555+00:00","2026-09-15T13:18:52.443+00:00","/var/storage/workspaces/clo91eaf/rvprobe-retry2-20260915-v2/can/flow/paired/summary.json","8ab978258a3e8b643234e0d20991c248720384ac7c04f5b079f898327ef33fab","true",""
"ethmac","haven","completed","91.19958481613286","986057","3","4","622.5417939564213","2026-09-12T11:44:22.216+00:00","2026-09-12T11:54:44.758+00:00","/var/storage/workspaces/clo91eaf/rvprobe-independent-paired-20260911-YuflGB/batch-m/ethmac/flow/paired/summary.json","18a6cfb701b7caf8a9e8f1ad55a3de2e983355dc809d1d79a1eb29aaa0b040cf","true",""
"ethmac","rvprobe","failed","94.64776771271434","3114764","2","34","2067.2270625019446","2026-09-15T12:39:54.361+00:00","2026-09-15T13:14:21.588+00:00","/var/storage/workspaces/clo91eaf/rvprobe-retry2-20260915-v2/ethmac/flow/paired/summary.json","ad918e93748f0c3661196e780c2fe6cddd83a1fda083758fca8b3484c3e06479","true","encoded goal rail reintroduces an unencoded X/Z value"
"i2c","haven","completed","88.92481046364385","109207","2","2","209.85331934131682","2026-09-12T17:47:52.717+00:00","2026-09-12T17:51:22.570+00:00","/var/storage/workspaces/clo91eaf/rvprobe-paired16-parallel-20260912-v1/i2c/flow/paired/summary.json","f80c5786f9c29625d485b95d4d7c0908ddfd13ec5875e11ab830b5d92187ad0e","true",""
"i2c","rvprobe","completed","90.43052178243929","257281","2","8","760.5675929291174","2026-09-14T05:35:14.071+00:00","2026-09-14T05:47:54.639+00:00","/var/storage/workspaces/clo91eaf/rvprobe16-helpers-20260914-v1/i2c/flow/paired/summary.json","42c3e15a761c8384644de8e2732ee3565d6dbe705668e8f7f6cd4a1b38c50c04","true",""
"gpio","haven","completed","93.08492761526706","182562","3","3","349.6544821774587","2026-09-12T17:49:19.231+00:00","2026-09-12T17:55:08.886+00:00","/var/storage/workspaces/clo91eaf/rvprobe-paired16-parallel-20260912-v1/gpio/flow/paired/summary.json","b34e50dacbf7a66ce02afd8c6e96a7c3b19cb30eb11eb74a22c409ed606ac8dd","true",""
"gpio","rvprobe","completed","98.1838819523269","369399","3","11","1120.6957763237879","2026-09-14T05:47:28.176+00:00","2026-09-14T06:06:08.872+00:00","/var/storage/workspaces/clo91eaf/rvprobe16-helpers-20260914-v1/gpio/flow/paired/summary.json","9b19cedd48b4fb4c10ee2fdbc0c3e7d2036fa48b02245fc43ee0420abed5e4b6","true",""
"simple_spi","haven","completed","91.66708074534162","292914","3","5","724.0840483885258","2026-09-12T18:04:23.092+00:00","2026-09-12T18:16:27.177+00:00","/var/storage/workspaces/clo91eaf/rvprobe-paired16-parallel-20260912-v1/simple_spi/flow/paired/summary.json","c347c126b9168871e1dadca5d6292c92d913ab75ea86b18b1ea40e9288b595d7","true",""
"simple_spi","rvprobe","completed","93.16972624798711","785153","3","21","2372.306574070826","2026-09-12T18:16:27.178+00:00","2026-09-12T18:55:59.485+00:00","/var/storage/workspaces/clo91eaf/rvprobe-paired16-parallel-20260912-v1/simple_spi/flow/paired/summary.json","c347c126b9168871e1dadca5d6292c92d913ab75ea86b18b1ea40e9288b595d7","true",""
"spi","haven","completed","97.68530901722391","205266","3","4","525.5949133364484","2026-09-12T18:16:30.547+00:00","2026-09-12T18:25:16.142+00:00","/var/storage/workspaces/clo91eaf/rvprobe-paired16-parallel-20260912-v1/spi/flow/paired/summary.json","bf0041634790044962a29cb29778555b6f85534fcf0b4568c68818a133ebd4dc","true",""
"spi","rvprobe","completed","96.19594731509625","842934","3","28","1676.7507145982236","2026-09-11T02:12:29.113+00:00","2026-09-11T02:40:25.864+00:00","/var/storage/workspaces/clo91eaf/rvprobe-fixed16-20260910-30xOp6/batch-j/spi/flow/paired/summary.json","fcadec13b98f42c9f3ef59f314501d8530a0c682cd9f93bec98cbb20a0947fa5","true",""
"ue_gpio","haven","completed","94.51586757990867","206429","3","4","431.9649370322004","2026-09-10T15:19:11.715+00:00","2026-09-10T15:26:23.680+00:00","/var/storage/workspaces/clo91eaf/rvprobe-fixed16-20260910-30xOp6/batch-a/ue_gpio/flow/paired/summary.json","58a7c0144ef0ed7babb99b06819fb1ab3db1bc760545002b15433d211fb9992f","true",""
"ue_gpio","rvprobe","completed","99.34545454545454","200027","3","5","893.469463981688","2026-09-14T06:06:32.042+00:00","2026-09-14T06:21:25.512+00:00","/var/storage/workspaces/clo91eaf/rvprobe16-helpers-20260914-v1/ue_gpio/flow/paired/summary.json","251e507696bca2c36297f81de1bea2f8fb6928cb9a324c6f1d269fe233e98d6d","true",""
"ue_spi","haven","completed","91.11105872121861","179481","3","3","340.1943108383566","2026-09-10T15:41:10.332+00:00","2026-09-10T15:46:50.526+00:00","/var/storage/workspaces/clo91eaf/rvprobe-fixed16-20260910-30xOp6/batch-a/ue_spi/flow/paired/summary.json","f2ea1dadaf40030829f9b5930972260c4a6f5f6cd6f303d7199b0af040466f14","true",""
"ue_spi","rvprobe","completed","92.90505165673865","300390","3","6","2911.650469299406","2026-09-14T06:06:39.670+00:00","2026-09-14T06:55:11.321+00:00","/var/storage/workspaces/clo91eaf/rvprobe16-helpers-20260914-v1/ue_spi/flow/paired/summary.json","f414fc78d0eef92ca314d3b76f1b42111aaede3e54a79901c052f1b878bc27c3","true",""
"ue_uart","haven","completed","85.62510861509122","133285","3","3","276.7045018170029","2026-09-10T16:07:45.579+00:00","2026-09-10T16:12:22.284+00:00","/var/storage/workspaces/clo91eaf/rvprobe-fixed16-20260910-30xOp6/batch-a/ue_uart/flow/paired/summary.json","07af906ff7a5717c7694706404316adc4beeac6fb114a01b21c8bf9e6c8a93d0","true",""
"ue_uart","rvprobe","completed","89.44806884814024","175280","3","4","1059.7176472144201","2026-09-14T06:09:08.365+00:00","2026-09-14T06:26:48.083+00:00","/var/storage/workspaces/clo91eaf/rvprobe16-helpers-20260914-v1/ue_uart/flow/paired/summary.json","348df231d35cf5b247c674f56fc09d60528876dd3e8b6353f69c98802c907e6e","true",""
"sdram","haven","completed","92.95977011494251","280570","2","3","252.74470600206405","2026-09-11T17:05:59.832+00:00","2026-09-11T17:10:12.577+00:00","/var/storage/workspaces/clo91eaf/rvprobe-independent-paired-20260911-YuflGB/batch-f2/sdram/flow/paired/progress.json","a1b995d4d5d2b77a559297b8e5128cfc9083735f2cf7d4a6467ad60cc5a73117","true",""
"sdram","rvprobe","completed","88.64942528735632","942377","3","17","1879.7998135983944","2026-09-14T06:21:43.420+00:00","2026-09-14T06:53:03.220+00:00","/var/storage/workspaces/clo91eaf/rvprobe16-helpers-20260914-v1/sdram/flow/paired/summary.json","69a81301254862201c10f30352da2fd65d00b174b3541c23f55d00eb14af1a03","true",""
